Virus name,Accession ID,NCBI Accession,Collection date,Location,Host,Passage,Specimen,Additional host information,Sampling strategy,Sequencing technology,Assembly method,Comment,Comment type,Lineage,Clade,AA Subsititutions
hCoV-19/USA/WA-PHL-035342/2024,,SAMN42892628,2024-07-01,North America / USA / Washington / Whatcom,Human,Origin,,,Baseline surveillance (random sampling),Illumina NextSeq,iVar version 1.3.1,,,KP.2,24B (Omicron),"M:D3H,M:Q19E,M:T30A,M:A63T,M:A104V,N:R203K,N:G204R,N:Q229K,N:S413R,ORF1a:S135R,ORF1a:A211D,ORF1a:G1307S,ORF1a:K1973R,ORF1a:A2123V,ORF1a:T2283I,ORF1a:N2526S,ORF1a:A2710T,ORF1a:L3027F,ORF1a:T3090I,ORF1a:T3255I,ORF1a:P3395H,ORF1a:V3593F,ORF1a:T4175I,ORF1b:P314L,ORF1b:R1315C,ORF1b:I1566V,ORF3a:T223I,ORF6:D61L,ORF7b:F19L,S:S50L,S:V127F,S:G142D,S:F157S,S:R158G,S:L212I,S:V213G,S:L216F,S:D405N,S:R408S,S:K417N,S:N440K,S:V445H,S:G446S,S:N450D,S:L452W,S:L455S,S:F456L,S:N460K,S:S477N,S:T478K,S:N481K,S:E484K,S:F486P,S:Q498R,S:N501Y,S:Y505H,S:E554K,S:A570V,S:D614G,S:P621S,S:N679K,S:P681R,S:N764K,S:S939F,S:Q954H,S:N969K"
hCoV-19/USA/WA-PHL-035343/2024,,SAMN42892627,2024-06-27,North America / USA / Washington / Snohomish,Human,Origin,,,Baseline surveillance (random sampling),Illumina NextSeq,iVar version 1.3.1,,,KP.2.3,24B (Omicron),"E:T9I,M:D3H,M:Q19E,M:T30A,M:A63T,M:A104V,N:P13L,N:N29I,N:R203K,N:G204R,N:Q229K,N:S413R,ORF1a:D48Y,ORF1a:S135R,ORF1a:A211D,ORF1a:T842I,ORF1a:V1056L,ORF1a:G1307S,ORF1a:K1973R,ORF1a:T2283I,ORF1a:N2526S,ORF1a:A2710T,ORF1a:L3027F,ORF1a:T3090I,ORF1a:T3255I,ORF1a:P3395H,ORF1a:V3593F,ORF1a:R3821K,ORF1a:T4175I,ORF1b:P314L,ORF1b:R1315C,ORF1b:I1566V,ORF1b:T2163I,ORF1b:T2537I,ORF3a:K67N,ORF3a:T223I,ORF6:D61L,ORF7b:F19L,ORF9b:P10S,ORF9b:A29L,S:S50L,S:V127F,S:G142D,S:H146Q,S:F157S,S:R158G,S:L212I,S:V213G,S:L216F,S:H245N,S:A264D,S:I332V,S:G339H,S:R346T,S:K356T,S:S371F,S:S373P,S:S375F,S:T376A,S:R403K,S:D405N,S:R408S,S:K417N,S:N440K,S:V445H,S:G446S,S:N450D,S:L452W,S:L455S,S:F456L,S:N460K,S:S477N,S:T478K,S:N481K,S:E484K,S:F486P,S:Q498R,S:N501Y,S:Y505H,S:E554K,S:A570V,S:D614G,S:P621S,S:H655Y,S:N679K,S:P681R,S:N764K,S:D796Y,S:S939F,S:Q954H,S:N969K,S:V1104L,S:P1143L"
hCoV-19/USA/WA-PHL-035344/2024,,SAMN42892626,2024-07-01,North America / USA / Washington / Whatcom,Human,Origin,,,Baseline surveillance (random sampling),Illumina NextSeq,iVar version 1.3.1,,,KP.1.1,24B (Omicron),"E:T9I,M:D3H,M:Q19E,M:T30A,M:A63T,M:A104V,N:P13L,N:R203K,N:G204R,N:Q229K,N:S413R,ORF1a:S135R,ORF1a:A211D,ORF1a:T842I,ORF1a:V1056L,ORF1a:G1307S,ORF1a:K1973R,ORF1a:A2123V,ORF1a:T2283I,ORF1a:N2526S,ORF1a:A2710T,ORF1a:L3027F,ORF1a:T3090I,ORF1a:T3255I,ORF1a:P3395H,ORF1a:V3593F,ORF1a:R3821K,ORF1a:T4175I,ORF1b:P314L,ORF1b:R1315C,ORF1b:I1566V,ORF1b:T2163I,ORF3a:K192Q,ORF3a:T223I,ORF6:D61L,ORF7b:F19L,ORF9b:P10S,S:S50L,S:V127F,S:G142D,S:F157S,S:R158G,S:L212I,S:V213G,S:L216F,S:H245N,S:A264D,S:I332V,S:G339H,S:R346T,S:K356T,S:S371F,S:S373P,S:S375F,S:T376A,S:R403K,S:D405N,S:R408S,S:K417N,S:N440K,S:V445H,S:G446S,S:N450D,S:L452W,S:L455S,S:F456L,S:N460K,S:S477N,S:T478K,S:N481K,S:E484K,S:F486P,S:Q498R,S:N501Y,S:Y505H,S:E554K,S:A570V,S:D614G,S:P621S,S:H655Y,S:N679K,S:P681R,S:N764K,S:D796Y,S:S939F,S:Q954H,S:N969K,S:K1086R,S:V1104L,S:P1143L"
hCoV-19/USA/WA-PHL-035345/2024,,SAMN42892625,2024-07-01,North America / USA / Washington / Whatcom,Human,Origin,,,Baseline surveillance (random sampling),Illumina NextSeq,iVar version 1.3.1,,,KP.1.1,24B (Omicron),"E:T9I,M:D3H,M:Q19E,M:T30A,M:A63T,M:A104V,N:P13L,N:R203K,N:G204R,N:Q229K,N:S413R,ORF1a:S135R,ORF1a:A211D,ORF1a:G1307S,ORF1a:K1973R,ORF1a:A2123V,ORF1a:T2283I,ORF1a:N2526S,ORF1a:A2710T,ORF1a:L3027F,ORF1a:T3090I,ORF1a:T3255I,ORF1a:P3395H,ORF1a:V3593F,ORF1a:T4175I,ORF1b:P314L,ORF1b:R1315C,ORF1b:I1566V,ORF3a:K192Q,ORF3a:T223I,ORF6:D61L,ORF7a:T61I,ORF7b:F19L,ORF9b:P10S,S:S50L,S:V127F,S:G142D,S:F157S,S:R158G,S:L212I,S:V213G,S:L216F,S:H245N,S:A264D,S:I332V,S:G339H,S:R346T,S:K356T,S:S371F,S:S373P,S:S375F,S:T376A,S:R403K,S:D405N,S:R408S,S:K417N,S:N440K,S:V445H,S:G446S,S:N450D,S:L452W,S:L455S,S:F456L,S:N460K,S:S477N,S:T478K,S:N481K,S:E484K,S:F486P,S:Q498R,S:N501Y,S:Y505H,S:E554K,S:A570V,S:D614G,S:P621S,S:N679K,S:P681R,S:N764K,S:D796Y,S:S939F,S:Q954H,S:N969K,S:K1086R,S:V1104L,S:P1143L"
hCoV-19/USA/WA-PHL-035346/2024,,SAMN42892624,2024-06-27,North America / USA / Washington / Snohomish,Human,Origin,,,Baseline surveillance (random sampling),Illumina NextSeq,iVar version 1.3.1,,,KP.2.3,24B (Omicron),"E:T9I,M:D3H,M:Q19E,M:T30A,M:A63T,M:A104V,N:P13L,N:N29I,N:R203K,N:G204R,N:Q229K,N:S413R,ORF1a:S135R,ORF1a:A211D,ORF1a:T842I,ORF1a:V1056L,ORF1a:G1307S,ORF1a:K1973R,ORF1a:T2283I,ORF1a:N2526S,ORF1a:A2710T,ORF1a:L3027F,ORF1a:T3090I,ORF1a:T3255I,ORF1a:P3395H,ORF1a:V3593F,ORF1a:R3821K,ORF1a:T4175I,ORF1b:P314L,ORF1b:R1315C,ORF1b:I1566V,ORF1b:T2163I,ORF1b:T2537I,ORF3a:K67N,ORF3a:T223I,ORF6:D61L,ORF7b:F19L,ORF9b:P10S,ORF9b:A29L,S:S50L,S:V127F,S:G142D,S:H146Q,S:F157S,S:R158G,S:L212I,S:V213G,S:L216F,S:H245N,S:A264D,S:I332V,S:G339H,S:R346T,S:K356T,S:S371F,S:S373P,S:S375F,S:T376A,S:R403K,S:D405N,S:R408S,S:K417N,S:N440K,S:V445H,S:G446S,S:N450D,S:L452W,S:L455S,S:F456L,S:N460K,S:S477N,S:T478K,S:N481K,S:E484K,S:F486P,S:Q498R,S:N501Y,S:Y505H,S:E554K,S:A570V,S:D614G,S:P621S,S:H655Y,S:N679K,S:P681R,S:N764K,S:D796Y,S:S939F,S:Q954H,S:N969K,S:V1104L,S:P1143L"
hCoV-19/USA/WA-PHL-035347/2024,,SAMN42892623,2024-06-27,North America / USA / Washington / Snohomish,Human,Origin,,,Baseline surveillance (random sampling),Illumina NextSeq,iVar version 1.3.1,,,KP.2.3,24B (Omicron),"E:T9I,M:D3H,M:Q19E,M:T30A,M:A63T,M:A104V,N:P13L,N:N29I,N:R203K,N:G204R,N:Q229K,N:S413R,ORF1a:S135R,ORF1a:A211D,ORF1a:T842I,ORF1a:V1056L,ORF1a:G1307S,ORF1a:K1973R,ORF1a:T2283I,ORF1a:N2526S,ORF1a:A2710T,ORF1a:L3027F,ORF1a:T3090I,ORF1a:T3255I,ORF1a:P3395H,ORF1a:V3593F,ORF1a:R3821K,ORF1a:T4175I,ORF1b:P314L,ORF1b:R1315C,ORF1b:I1566V,ORF1b:T2163I,ORF1b:T2537I,ORF3a:K67N,ORF3a:T223I,ORF6:D61L,ORF7b:F19L,ORF9b:P10S,ORF9b:A29L,S:S50L,S:V127F,S:G142D,S:H146Q,S:F157S,S:R158G,S:L212I,S:V213G,S:L216F,S:H245N,S:A264D,S:I332V,S:G339H,S:R346T,S:K356T,S:S371F,S:S373P,S:S375F,S:T376A,S:R403K,S:D405N,S:R408S,S:K417N,S:N440K,S:V445H,S:G446S,S:N450D,S:L452W,S:L455S,S:F456L,S:N460K,S:S477N,S:T478K,S:N481K,S:E484K,S:F486P,S:Q498R,S:N501Y,S:Y505H,S:E554K,S:A570V,S:D614G,S:P621S,S:H655Y,S:N679K,S:P681R,S:N764K,S:D796Y,S:S939F,S:Q954H,S:N969K,S:V1104L,S:P1143L"
hCoV-19/USA/WA-PHL-035348/2024,,SAMN42892622,2024-07-01,North America / USA / Washington / Whatcom,Human,Origin,,,Baseline surveillance (random sampling),Illumina NextSeq,iVar version 1.3.1,,,KP.3.5,24C (Omicron),"E:T9I,M:D3H,M:Q19E,M:T30A,M:A63T,M:A104V,N:P13L,N:R203K,N:G204R,N:Q229K,N:S413R,ORF1a:H110Y,ORF1a:S135R,ORF1a:A211D,ORF1a:T842I,ORF1a:V1056L,ORF1a:G1307S,ORF1a:K1973R,ORF1a:T2283I,ORF1a:N2526S,ORF1a:A2710T,ORF1a:L3027F,ORF1a:T3090I,ORF1a:T3255I,ORF1a:P3395H,ORF1a:V3593F,ORF1a:R3821K,ORF1a:Q3893H,ORF1a:T4175I,ORF1a:S4393A,ORF1b:P314L,ORF1b:R1315C,ORF1b:I1566V,ORF1b:T2163I,ORF3a:T223I,ORF6:D61L,ORF7b:F19L,ORF9b:P10S,S:S50L,S:V127F,S:G142D,S:F157S,S:R158G,S:L212I,S:V213E,S:L216F,S:S221L,S:H245N,S:A264D,S:I332V,S:G339H,S:K356T,S:S371F,S:S373P,S:S375F,S:T376A,S:R403K,S:D405N,S:R408S,S:K417N,S:N440K,S:V445H,S:G446S,S:N450D,S:L452W,S:L455S,S:F456L,S:N460K,S:S477N,S:T478K,S:N481K,S:E484K,S:F486P,S:Q493E,S:Q498R,S:N501Y,S:Y505H,S:E554K,S:A570V,S:D614G,S:P621S,S:H655Y,S:N679K,S:P681R,S:N764K,S:D796Y,S:S939F,S:Q954H,S:N969K,S:V1104L,S:P1143L"
hCoV-19/USA/WA-PHL-035349/2024,,SAMN42892621,2024-07-08,North America / USA / Washington / Whatcom,Human,Origin,,,Baseline surveillance (random sampling),Illumina NextSeq,iVar version 1.3.1,,,KP.3.1.4,24C (Omicron),"E:T9I,M:D3H,M:Q19E,M:T30A,M:A63T,M:A104V,N:P13L,N:R203K,N:G204R,N:Q229K,N:S413R,ORF1a:S135R,ORF1a:A211D,ORF1a:G1307S,ORF1a:K1973R,ORF1a:G2091D,ORF1a:T2283I,ORF1a:N2526S,ORF1a:A2710T,ORF1a:L3027F,ORF1a:T3090I,ORF1a:T3255I,ORF1a:P3395H,ORF1a:V3593F,ORF1a:T4175I,ORF1b:P314L,ORF1b:R1315C,ORF1b:I1566V,ORF1b:P1675S,ORF3a:T223I,ORF6:D61L,ORF7a:A105V,ORF7b:F19L,ORF9b:P10S,S:S50L,S:V127F,S:G142D,S:F157S,S:R158G,S:L212I,S:V213G,S:L216F,S:H245N,S:A264D,S:I332V,S:G339H,S:K356T,S:S371F,S:S373P,S:S375F,S:T376A,S:R403K,S:D405N,S:R408S,S:K417N,S:N440K,S:V445H,S:G446S,S:N450D,S:L452W,S:L455S,S:F456L,S:N460K,S:S477N,S:T478K,S:N481K,S:E484K,S:F486P,S:Q493E,S:Q498R,S:N501Y,S:Y505H,S:E554K,S:A570V,S:D614G,S:P621S,S:N679K,S:P681R,S:N764K,S:D796Y,S:S939F,S:Q954H,S:N969K,S:V1104L,S:P1143L"
hCoV-19/USA/WA-PHL-035350/2024,,SAMN42892620,2024-07-05,North America / USA / Washington / Whatcom,Human,Origin,,,Baseline surveillance (random sampling),Illumina NextSeq,iVar version 1.3.1,,,KP.3,24C (Omicron),"M:D3H,M:Q19E,M:T30A,M:A63T,M:A104V,N:P13L,N:R203K,N:G204R,N:Q229K,N:S413R,ORF1a:S135R,ORF1a:A211D,ORF1a:K1973R,ORF1a:T2283I,ORF1a:A2710T,ORF1a:L3027F,ORF1a:T3090I,ORF1a:T3255I,ORF1a:P3395H,ORF1a:V3593F,ORF1a:T4175I,ORF1b:P314L,ORF1b:T1289I,ORF1b:R1315C,ORF1b:I1566V,ORF6:D61L,ORF7b:F19L,ORF9b:P10S,S:V127F,S:G142D,S:F157S,S:R158G,S:L212I,S:V213G,S:L216F,S:D405N,S:R408S,S:K417N,S:N440K,S:V445H,S:G446S,S:N450D,S:L452W,S:L455S,S:F456L,S:N460K,S:S477N,S:T478K,S:N481K,S:E484K,S:F486P,S:Q493E,S:Q498R,S:N501Y,S:Y505H,S:E554K,S:A570V,S:D614G,S:P621S,S:N764K"
